Serial Number,Year,Title,Abstract,Primary Class,Secondary Class,Top1_score,Top2_score,margin_12,Reasoning
2717,2005,Magnetoviscosity of semidilute ferrofluids and the role of dipolar interactions: Comparison of molecular simulations and dynamical mean-field theory,"Extensive molecular simulations on a model ferrofluid are performed in order to study magnetoviscous and viscoelastic phenomena in semidilute ferrofluids. Simulation results of the nonequilibrium magnetization, shear viscosity, and normal stress differences are presented. Rotational and configurational contributions to the shear viscosity are analyzed and their influence on the magnetoviscous effect is discussed. The simplified model of noninteracting magnetic dipoles describes the nonequilibrium magnetization and the rotational viscosity, but does not account for configurational viscosity contributions and normal stress differences. Improved mean-field models that overcome these limitations show good agreement with the simulation results for weak dipolar interactions where the models should apply. Comparisons to simulation results for various interaction strengths allow us to determine the range of validity of the mean-field models. ©2005 The American Physical Society.",16,14,0.06537212431430817,0.06535492092370987,1.720339059829712e-05,"Abstract-only zero-shot classification. Top-3 labels by score: 16 Material - Handling of (0.065), 14 Material - Evaluation / Characterization (0.065), 51 Book / Book - chapter (0.063)"
1608,2014,Thermodiffusion in concentrated ferrofluids: Experimental and numerical results on magnetic thermodiffusion,"Ferrofluids consist ofmagnetic nanoparticles dispersed in a carrier liquid. Their strong thermodiffusive behaviour, characterised by the Soret coefficient, coupled with the dependency of the fluid's parameters on magnetic fields is dealt with in this work. It is known from former experimental investigations on the one hand that the Soret coefficient itself is magnetic field dependent and on the other hand that the accuracy of the coefficient's experimental determination highly depends on the volume concentration of the fluid. The thermally driven separation of particles and carrier liquid is carried out with a concentrated ferrofluid (φ = 0.087) in a horizontal thermodiffusion cell and is compared to equally detected former measurement data. The temperature gradient (1 K/mm) is applied perpendicular to the separation layer. The magnetic field is either applied parallel or perpendicular to the temperature difference. For three different magnetic field strengths (40 kA/m, 100 kA/m, 320 kA/m) the diffusive separation is detected. It reveals a sign change of the Soret coefficient with rising field strength for both field directions which stands for a change in the direction of motion of the particles. This behaviour contradicts former experimental results with a dilute magnetic fluid, in which a change in the coefficient's sign could only be detected for the parallel setup. An anisotropic behaviour in the current data is measured referring to the intensity of the separation being more intense in the perpendicular position of the magnetic field: ST{norm of matrix} =-0.152 K-1 and ST⊥=-0.257 K-1 at H = 320 kA/m. The ferrofluiddynamics-theory (FFD-theory) describes the thermodiffusive processes thermodynamically and a numerical simulation of the fluid's separation depending on the two transport parameters ξ{norm of matrix} and ξ{norm of matrix} used within the FFD-theory can be implemented. In the case of a parallel aligned magnetic field, the parameter can be determined to ξ{norm of matrix} = {2.8; 9.1; 11.2}×10-11. D{norm of matrix} kg/(A2m) for the different field strengths and in dependence on the magnetic diffusion coefficient D{norm of matrix}. An adequate fit in the perpendicular case is not possible, by ξ⊥= 1×10-17 kg/(Am2) a rather good agreement between numerical and experimental data can be found for a field strength of 40 kA/m, a change in the coefficient's sign in the perpendicular setup is not numerically determinable via this theory. The FFD-theory is only partly applicable to calculate the concentration profile in concentrated magnetic fluids established due to a temperature gradient and magnetic field applied. © 2014 AIP Publishing LLC.",15,50,0.053320903331041336,0.0532953180372715,2.5585293769836426e-05,"Abstract-only zero-shot classification. Top-3 labels by score: 15 Material - Manipulation, Droplets, other (0.053), 50 Review - Survey (0.053), 16 Material - Handling of (0.052)"
2414,2007,Effects of nanoparticles on the adhesion and cell viability on astrocytes,"In recent years, both pharmaceutical companies and manufacturing industries have expressed heightened interest in the potential applications of magnetic nanoparticles for therapeutic and technological purposes. Specifically, pharmaceutical companies seek to employ magnetic nanoparticles as carriers to facilitate effective drug delivery, especially in areas of the brain. Manufacturing industries desire to use these nanoparticles as ferrofluids and in magnetic resonance imaging. However, data concerning the effects of magnetic nanoparticles on the nervous system is limited. This study tested the hypotheses that nanoparticles can (1) inhibit adherence of astrocytes to culture plates and (2) cause cytotoxicity or termination of growth, both end points representing surrogate markers of neurotoxicity. Using light microscopy, changes in plating patterns were determined by visual assessment. Cell counting 4 days after plating revealed a significant decrease in the number of viable astrocytes in nanoparticle treated groups (p<0.0001). To determine the cytotoxic effects of nanoparticles, astrocytes were allowed to adhere to culture plates and grow to maturity for 3 weeks before treatment. Membrane integrity and mitochondrial function were measured using colorimetric analysis lactate dehydrogenase (LDH) and 3-[4, 5-dimethylthiazol-2-yl]-2, 5-diphenyltetrazolium bromide (MTS), respectively. Treatment with nanoparticles did not significantly alter astrocytic LDH release (p>0.05) in the control group (100%±1.56) vs the group receiving treatment (97.18%±2.03). However, a significant increase in MTS activity (p<0.05) between the control (100%±3.65) and treated groups (112.8%±3.23) was observed, suggesting astrocytic mitochondrial uncoupling by nanoparticles. These data suggest that nanoparticles impede the attachment of astrocytes to the substratum. However, once astrocytes attach to the substratum and grow to confluence, nanoparticles may cause mitochondrial stress. © Humana Press Inc. 2007.",37,41,0.06797759979963303,0.06791098415851593,6.661564111709595e-05,"Abstract-only zero-shot classification. Top-3 labels by score: 37 Experimentation - Other than evaluation indicated in class 14 above (0.068), 41 Application - Medical (Pharmaceutical) (0.068), 14 Material - Evaluation / Characterization (0.057)"
2776,2005,Novel ferrimagnetic iron oxide nanopowders,"Because of their scientific and technological utility, magnetic properties of fine-particle systems have assumed great importance in recent years. Maghemite (γ-Fe 2O 3) and magnetite (Fe 3O 4) are commonly used in magnetic inks, as catalysts, and as ferrofluids for biomedical uses. In the current work, we report a novel one-step process for the synthesis of different iron oxide phases, including maghemite and magnetite, using the aqueous combustion synthesis technique. The method involves a self-sustained reaction between an oxidizer (e.g., metal nitrate) and a fuel (e.g., glycine or hydrazine). Using this approach, for the first time, spherical, nanoscale (6-10 nm) iron oxide particles with excellent ferrimagnetic properties were synthesized. While the samples have particle sizes of <10 nm, they exhibit ferrimagnetic behavior at room temperature, as opposed to super-paramagnetism, as reported previously by numerous workers. Further, particularly for Fe 3O 4 the coercivity values are exceptionally high (213 Oe), indicating stable magnetization. © 2005 American Chemical Society.",13,50,0.061450373381376266,0.06129870191216469,0.00015167146921157837,"Abstract-only zero-shot classification. Top-3 labels by score: 13 Material - Properties (0.061), 50 Review - Survey (0.061), 16 Material - Handling of (0.057)"
3702,1986,Magnetic colloidal properties of ionic ferrofluids,"Magnetic properties of colloidal suspensions of γ-Fe2O3 particles, obtained through a chemical synthesis, are investigated. Using an optical technique it is verified that these ionic aqueous ferrofluids are stable in high fields. The magnetization saturation of the particles is found independent of their size. Electron microscopy, magnetization and birefringence measurements allow us to separate the two superparamagnetic processes existing in such ferrofluid solutions: Bulk and Néel rotations. The Néel process is investigated through remanent magnetization of frozen solution. © 1986.",16,14,0.07194425910711288,0.07173307985067368,0.00021117925643920898,"Abstract-only zero-shot classification. Top-3 labels by score: 16 Material - Handling of (0.072), 14 Material - Evaluation / Characterization (0.072), 13 Material - Properties (0.064)"
930,2019,The roller chain lubricated with ferrofluids,"The sleeve of roller chain periodically squeezes the pin during the process of chain transmission. The lubrication oil located in the gap of the sleeve and pin will be pushed out and cannot be restored automatically. The absence of sufficient lubricating oil can cause friction, wear, and even the roller chain failure between the pin and the sleeve. This article presents a novel method and a new type of chain structure to lubricant roller chain with ferrofluids, which is capable of prolonging the service life of roller chain. The results show that ferrofluids can be remained in the clearance between the sleeve and the pin shaft under the effect of external magnetic field. The ferrofluids that were squeezed out of the clearance can be restored automatically, which ensure the reliability of chain transmission. And the external magnetic field effectively prevents the chain lubrication leakage due to the edge effect of the magnetic field. © IMechE 2018.",16,50,0.06058716028928757,0.060353051871061325,0.00023410841822624207,"Abstract-only zero-shot classification. Top-3 labels by score: 16 Material - Handling of (0.061), 50 Review - Survey (0.060), 13 Material - Properties (0.047)"
2067,2011,Towards ferrofluids with enhanced magnetization,"It is well known that the saturation magnetization of a sterically stabilized magnetic fluid (ferrofluid) is limited by the presence of a surfactant coating on the surface, and in some cases, by an effectively demagnetized surface layer in the solid magnetic particle. These surface layers take up a disproportionate volume in the colloidal dispersion thereby severely limiting the volume fraction of the core magnetic substance. This work proposes and analyzes Janus particles having the objective of increasing the magnetic loading beyond the present day constraints. Using numerical computation of the virial coefficient it is calculated that the magnetic volume fraction of magnetite ferrofluids might be increased by a factor approaching 2 and that of iron-based ferrofluids by a factor of 3. © 2010 Elsevier B.V. All rights reserved.",50,28,0.06324825435876846,0.06292637437582016,0.0003218799829483032,"Abstract-only zero-shot classification. Top-3 labels by score: 50 Review - Survey (0.063), 28 Computation - Stability and other (0.063), 51 Book / Book - chapter (0.058)"
1711,2013,Spin-up of ferrofluids: The impact of the spin viscosity and the Langevin function,"The spin-up of ferrofluids (rotational motion of a magnetic fluid induced by a rotating magnetic field) is examined computationally. Key questions are the impact of the spin viscosity, a mildly non-uniform magnetic field, and the importance of the Langevin magnetization equation. Comsol Multiphysics is used with boundary layer meshes to capture the effect when the spin viscosity is small. The effect of the spin viscosity is examined as it affects the critical magnetic field for non-rotational flow to occur and the magnitude of the rotational velocity and torque. Comparisons are made for the effect of magnetic field when using the Langevin magnetization equation and a linear equation. The equations for flow, magnetic field, and spin velocity are solved in two dimensions as a representation of a long cylinder with the magnetic field oriented perpendicular to the axis of the cylinder and rotated about that axis. Solutions are obtained for spin viscosities as low as 5.8 × 10-14 kg m s-1. © 2013 AIP Publishing LLC.",16,50,0.062000907957553864,0.06165555492043495,0.00034535303711891174,"Abstract-only zero-shot classification. Top-3 labels by score: 16 Material - Handling of (0.062), 50 Review - Survey (0.062), 51 Book / Book - chapter (0.057)"
797,2020,"Jumping sundogs, cat’s eye and ferrofluids","We have explored some features of the complex fluids present in Earth’s atmosphere by the observation of some optical phenomena and compared them to the optical phenomena observed in gems and magnetic materials. The main feature of a complex fluid is that it contains polyatomic structures such as polymer molecules or colloidal grains. This paper includes some setups using tabletop experiments, which are intended to show concretely the principles discussed, giving a sense of how well the idealizations treated apply to the atmospheric systems. We have explored sundogs, light pillars, and the halo formation, which involve the existence of a certain structure in the atmospheric medium, resembling the structures observed in some types of gems and ferrofluids. © 2020 by the authors. Licensee MDPI, Basel, Switzerland.",24,49,0.036287855356931686,0.03590698167681694,0.0003808736801147461,"Abstract-only zero-shot classification. Top-3 labels by score: 24 Modelling - ODE, Boundary value, Two-phase, Lifting force, Magneto-optical, Dipole, Strain Energy, Susceptibility etc. (0.036), 49 Application - Digital Micro Fluids, Damping, Physics, Environmental, Engineering, Instruments to evaluate FF (0.036), 40 Application - Medical (Hyperthermia, Cancer, Drug Delivery) (0.035)"
1483,2016,Investigation of water-based and oil-based ferrofluids with a new magnetorheological cell: effect of the microstructure,"A new magnetorheological cell is implemented to perform measurements of temperature-controlled flows and determine viscoelastic properties in magnetic complex fluids under applied continuous magnetic fields. The flow properties of water-based and oil-based ferrofluids with volume fractions up to 10 % are investigated here in various situations of interparticle interaction, leading also to various microstructures already known from previous works. Shear flow behaviors under magnetic fields resulting in a competition between magnetic and hydrodynamic forces are directly related to the microscopic structure of the probed magnetic fluids. © 2015, Springer-Verlag Berlin Heidelberg.",24,15,0.03871668875217438,0.0383325032889843,0.00038418546319007874,"Abstract-only zero-shot classification. Top-3 labels by score: 24 Modelling - ODE, Boundary value, Two-phase, Lifting force, Magneto-optical, Dipole, Strain Energy, Susceptibility etc. (0.039), 15 Material - Manipulation, Droplets, other (0.038), 47 Application - Bearing, Seal, Lubricant (0.038)"
2558,2006,Fabrication of polymeric 3-D micro-structures using ferrofluid molds,"In this paper, we report a new and simple fabrication method for 3-D polymeric microstructures using low viscosity mineral oil-based ferrofluids in combination with polydimethylsiloxane (PDMS) and UV curable epoxy. The diameter and height of ferrofluid spikes/domes which usually form upon the application of a magnetic field was controlled by a micromachined membrane having holes of various dimensions. Holes or various dimensions (60, 100, and 200 μm) were fabricated in a thin silicon membrane covering a ferrofluid reservoir. The heights of fabricated polymeric microstructures corresponding to the above mentioned hole sizes were equal to the hole diameters, while their base diameters were reduced by 10-30%. This approach provides a new technique to easily fabricate various size 3-D micro-structures on the same plane by controlling the magnetic field strength, ferrofluid viscosity, and hole dimensions. © 2006 IEEE.",49,24,0.036255259066820145,0.03586983680725098,0.0003854222595691681,"Abstract-only zero-shot classification. Top-3 labels by score: 49 Application - Digital Micro Fluids, Damping, Physics, Environmental, Engineering, Instruments to evaluate FF (0.036), 24 Modelling - ODE, Boundary value, Two-phase, Lifting force, Magneto-optical, Dipole, Strain Energy, Susceptibility etc. (0.036), 40 Application - Medical (Hyperthermia, Cancer, Drug Delivery) (0.035)"
3978,1970,Some Applications of Ferrofluid Magnetic Colloids,"Ferrofluids are colloidal dispersions of sub domain magnetic partiles (͞D < 150 Å) that retain their liquid characteristics in the presence of a magnetic field. As a result, ferrofluids are unique liquid media in which it is possible to induce substantial magnetic forces which result in unusual fluid mechanical properties in the presence of an applied field. Magnetic properties may be conferred to a wide range of liquid such as hydrocarbons, water, glycerol, silicones, and even fluorocarbons. The magnetic properties of the ferrofluids can be controlled by varying the composition, size, and concentration of the magnetic particles. The existence of these magnetic fluids has resulted in a number of unique applications. Applications which have been reduced to practice include novel pumps and other energy conversion devices, viscous dampers for gravity gradient satellites, accelerometers, and gyroscope supports employing levitation bearings, specific gravity meters, seals, etc. © 1970, IEEE. All rights reserved.",37,49,0.047272440046072006,0.04688428342342377,0.00038815662264823914,"Abstract-only zero-shot classification. Top-3 labels by score: 37 Experimentation - Other than evaluation indicated in class 14 above (0.047), 49 Application - Digital Micro Fluids, Damping, Physics, Environmental, Engineering, Instruments to evaluate FF (0.047), 40 Application - Medical (Hyperthermia, Cancer, Drug Delivery) (0.043)"
1041,2018,Functional Group and Magnetic Properties of Fe3O4 Ferrofluids: The Impact of Dispersion Agent Composition,"This work was aimed to identify the functional group and magnetic properties of the Fe3O4 ferrofluids coated by oleic acid regarding different compositions of olive oil as a dispersing agent. The results of the x-ray diffraction (XRD) data presented that the phase of the samples was a Fe3O4 phase, which was identified based on the diffraction peaks with highest peak at 35.6° with the particle size of 8.8 nm. The results of the Fourier transform infrared (FTIR) characterization on the ferrofluids showed those functional groups representing the existence of magnetic and dispersing agent particles. Based on the data analysis of the magnetization data, the composition of the dispersing agent influenced the saturation magnetization with the highest value of approximately 18 emu/gram. Therefore, the prepared ferrofluids in this work open a potency to be applied in various fields, such as for an antibacterial agent. © Published under licence by IOP Publishing Ltd.",49,37,0.042601436376571655,0.042212191969156265,0.00038924440741539,"Abstract-only zero-shot classification. Top-3 labels by score: 49 Application - Digital Micro Fluids, Damping, Physics, Environmental, Engineering, Instruments to evaluate FF (0.043), 37 Experimentation - Other than evaluation indicated in class 14 above (0.042), 27 Computation - Modelling (0.042)"
2881,2004,Initial magnetic susceptibility of ferrocolloids: The influence of chain aggregates,The behavior of a system of noninteracting chain aggregates of ferroparticles suspended in a liquid matrix and subjected to a weak uniform permanent magnetic field was studied based on the free energy functional of a monodisperse low-concentration magnetic colloid. The orientational response of a flexible chain to a weak external field showed that the model of rigid rods is applicable only for short chains (doublets and triplets) of large ferroparticles characterized by a strong magnetodipole interaction. The calculated values of the initial magnetic susceptibility of aggregated ferrofluid agree well with the computer simulation data.,28,11,0.0494389571249485,0.04904918372631073,0.0003897733986377716,"Abstract-only zero-shot classification. Top-3 labels by score: 28 Computation - Stability and other (0.049), 11 Material - Chemistry (0.049), 44 Application - Geology, Oil-field recovery (0.043)"
1125,2018,Thermal instability of hot ferrofluid layer with temperature-dependent viscosity,"In this paper stability analysis of the ferrofluid layer heated from below when viscosity is temperature dependent is carried out analytically for the general nature of bounding surfaces. Using the analytical method of Pellew and Southwell [Proc. Roy. Soc. A, vol. 176, pp. 312-343, 1940] of conjugate eigenfunctions, the principle of exchange of stabilities (PES) is proved to be valid for the problem for very small values of magnetic parameter. This result yields that the ferroconvection is through the stationary mode only and the result is uniformly valid whether viscosity is temperature dependent or constant. However, for certain classes of hot fluids (in some astrophysical situations) the magnetic parameter can have large values, and this quantitative effect has a qualitative effect on the instability of ferrofluids. It is shown here that for large values of magnetic parameter oscillatory instability can exist and hence the bounds for the growth rate of unstable oscillatory modes of the problem are also derived herein. © 2018 by Begell House, Inc.",49,40,0.0353858545422554,0.034995757043361664,0.0003900974988937378,"Abstract-only zero-shot classification. Top-3 labels by score: 49 Application - Digital Micro Fluids, Damping, Physics, Environmental, Engineering, Instruments to evaluate FF (0.035), 40 Application - Medical (Hyperthermia, Cancer, Drug Delivery) (0.035), 41 Application - Medical (Pharmaceutical) (0.035)"
2897,2004,Particle size investigations of a multistep synthesis of PVA coated superparamagnetic nanoparticles,"Nanoscaled particles showing superparamagnetic behavior have been intensively studied in the past years for various applications. Nevertheless, the lack of well-defined particles remains an important problem. One of the major challenges is still the large-scale synthesis of particles with a narrow size distribution. The aim of this work is to synthesize and characterize ferrofluids throughout a multistep synthesis. The iron oxide nanoparticles are first obtained by classical coprecipitation in water, followed by a thermochemical treatment and centrifugation to obtain well-dispersed primary nanoparticles. Finally polyvinyl alcohol is grafted onto the particles to ensure colloidal stability of the ferrofluid at neutral pH. The different synthesis steps and intermediate and side products are described. A model is proposed for the stabilization mechanism. © 2004 Elsevier Inc. All rights reserved.",51,28,0.038323674350976944,0.03793305903673172,0.000390615314245224,"Abstract-only zero-shot classification. Top-3 labels by score: 51 Book / Book - chapter (0.038), 28 Computation - Stability and other (0.038), 23 Computation - MATLAB (0.037)"
3852,1980,Polymer-Anchored Metal Oxide Particles. 1. Superparamagnetic Magnetite Microcrystals Stabilized by Lignosulfonate,"Physical data are used to show that microcrystals (ca. 100 Å diameters) of magnetite can be stabilized by polymeric lignosulfonate. X-ray powder patterns indicate Fe3O4; line broadening in the patterns reflects the small size of the microcrystals.Magnetic susceptibility and 57Fe Mössbauer results indicate that these materials are superparamagnetic and that the size of the magnetite microcrystals can be readily varied. Dissolution of these water-soluble magnetite-lignosulfonate solids gives ferrofluids and the magnetization of one of these ferrofluids has been measured. © 1980, American Chemical Society. All rights reserved.",48,15,0.03900422155857086,0.038613349199295044,0.00039087235927581787,"Abstract-only zero-shot classification. Top-3 labels by score: 48 Application - Levitation, Spin of droplets (0.039), 15 Material - Manipulation, Droplets, other (0.039), 29 Computation - Magnetic Droplets, Spin of droplet (0.039)"
3618,1991,Orienting rigid and flexible biological assemblies in ferrofluids for small-angle neutron scattering studies,"Small-angle scattering from macromolecules in solution is widely used to study their structures, but the information content is limited because the molecules are generally randomly oriented and hence the data are spherically averaged. The use of oriented rodlike structures for scattering, as in fiber diffraction, greatly increases the amount of structural detail that can be obtained. A new technique using a ferromagnetic fluid has been developed to align elongated structures independent of their intrinsic magnetic properties. This technique is ideal for small-angle neutron scattering because the scattering from the ferrofluid particles can be reduced significantly by matching the neutron scattering length density of the particles to a D2O solvent (“contrast matching”). The net result is scattering primarily from the ordered biological assembly in a solution environment that can be adjusted to physiological pH and ionic strength. Scattering results from ordered tobacco mosaic virus, tobacco rattle virus, and chromain fibers are presented. © 1991, The Biophysical Society. All rights reserved.",49,28,0.04503873735666275,0.04464665427803993,0.000392083078622818,"Abstract-only zero-shot classification. Top-3 labels by score: 49 Application - Digital Micro Fluids, Damping, Physics, Environmental, Engineering, Instruments to evaluate FF (0.045), 28 Computation - Stability and other (0.045), 23 Computation - MATLAB (0.042)"
626,2020,Effect of asymmetrical heat rise/fall on the film flow of magnetohydrodynamic hybrid ferrofluid,"The movement of the ferrous nanoparticles is random in the base fluid, and it will be homogeneous under the enforced magnetic field. This phenomenon shows a significant impact on the energy transmission process. In view of this, we inspected the stream and energy transport in magnetohydrodynamic dissipative ferro and hybrid ferrofluids by considering an uneven heat rise/fall and radiation effects. We studied the Fe3O4 (magnetic oxide) and CoFe2O4 (cobalt iron oxide) ferrous particles embedded in H2O-EG (ethylene glycol) (50–50%) mixture. The flow model is converted as ODEs with suitable similarities and resolved them using the 4th order Runge-Kutta scheme. The influence of related constraints on transport phenomena examined through graphical illustrations. Simultaneous solutions explored for both ferro and hybrid ferrofluid cases. It is found that the magnetic oxide and cobalt iron oxide suspended in H2O-EG (ethylene glycol) (50–50%) mixture effectively reduces the heat transfer rate under specific conditions. © 2020, The Author(s).",26,21,0.04238010197877884,0.04198511317372322,0.0003949888050556183,"Abstract-only zero-shot classification. Top-3 labels by score: 26 Computation - Heat (0.042), 21 Computation - FEA (0.042), 22 Computation - CFD (0.042)"
110,2024,Removal of polymethyl methacrylate nanoplastics and silver nanoparticles by a novel ferrofluid-COF-aminated natural cotton-based hydrogel nanosorbent,"In this work, an innovative nanosorbent is assembled based on the combination of Fe2VO6 ferrofluid, silane covalent organic frameworks (COFs) and gelatin/aminated natural cotton/chitosan hydrogel (FF-SiCOF@Gel-ANC@Ch.Hgel). The developed nanomaterial was fully identified using several characterization techniques such as FTIR, electron microscopy, XRD and XPS; and was then studied as an effective nanosorbent for removal of organic nanopollutants such as polymethyl methacrylate nanoplastics (PMMA) and inorganic nanopollutants such as silver nanoparticles from water. Optimization of experimental parameters such as reaction duration, nanosorbent mass, nanopollutant concentration, solution pH, temperature and medium ionic strength revealed promising removal efficiencies towards both nanopollutants with 98.3% and 99.2% recovery for Ag and PMMA nanopollutants, respectively. Kinetic studies confirmed that the adsorptive removal of both nanosorbent followed via a pseudo-second order chemisorption process. Thermodynamic investigations highlighted that spontaneity of the chemisorption process in terms of negative ΔG° values. Industrial scale applicability was confirmed with interestingly high removal efficiencies toward both nanopollutants (99.45% and 96.80% for Ag and PMMA, respectively) in industrial wastewater. Furthermore, proposed nanosorbent showed appreciable recyclability with little decrease in removal efficiencies (from 95.30% to 91.00% and from 97.20% to 93.00% for Ag and PMMA respectively) after 5 adsorption/regeneration cycles. Considering nanosorbent comparatively high adsorption capacities, together with its industrial applicability and reusability, it was proposed as a promising candidate for wastewater treatment applications. The green aspects in this study were investigated in terms of reusing the recovered Ag@FF-SiCOF@Gel-ANC@Ch.Hgel as a potential nanocatalyst in reductive degradation of sulfasalazine drug, a potentially hazardous pollutant. High degradation rates were deduced at optimal conditions providing 2.3 min−1 pseudo-first order rate constant with only 3.18% drop in the catalytic activity after 5 successive reduction/regeneration cycles. This accounts for the promising potential of recycled Ag@FF-SiCOF@Gel-ANC@Ch.Hgel as reductive degradation catalyst for targeted water treatment applications. © 2023 The Korean Society of Industrial and Engineering Chemistry",23,29,0.03556413576006889,0.03516089916229248,0.00040323659777641296,"Abstract-only zero-shot classification. Top-3 labels by score: 23 Computation - MATLAB (0.036), 29 Computation - Magnetic Droplets, Spin of droplet (0.035), 22 Computation - CFD (0.035)"
1127,2018,Rheological and thermal transport characteristics of a transformer oil based ferrofluid,"Ferrofluids based on insulating liquids are intensively studied as a potential substitute of liquid dielectric in high voltage technologies. In this work we focus on the experimental investigation of flow and thermal transport characteristics of a ferrofluid based on transformer oil (Mogul) and iron oxide nanoparticles. The magneto-rheological behavior of the ferrofluid was studied by a rotational rheometer in the shear rate range from 1 to 1000 s-1 and magnetic field up to 1 T. By means of a thermal constants analyzer and a transient plane source method we obtained the thermal conductivity, specific heat and thermal diffusivity values for the studied oil and the ferrofluid. It is shown that the Newtonian character of the ferrofluid changes to a non-Newtonian with application of the magnetic field. The notable magneto-viscous effect has been observed especially at low shear rates. We found that the doping of the transformer oil by 3 wt% of the nanoparticles results in a thermal conductivity enhancement by about 3.2%. © 2018 Polish Academy of Sciences. All rights reserved.",37,41,0.04085390642285347,0.040450289845466614,0.0004036165773868561,"Abstract-only zero-shot classification. Top-3 labels by score: 37 Experimentation - Other than evaluation indicated in class 14 above (0.041), 41 Application - Medical (Pharmaceutical) (0.040), 39 Application - Medical Robotic Surgery (0.039)"
945,2019,A Preliminary Study on the Thermo-optics Characteristics of Chromium Ferrite Ferrofluids,"In this paper, we report the experimental observation of temperature influence on optical properties of ferrofluids comprising of chromium ferrite nanoparticles by a 1 mW He-Ne laser beam. An external thermal field was maintained perpendicular to the beam. In this research, the thermal response of chromium ferrite ferrofluids prepared by coprecipitation-sonochemical technique was studied. The preliminary investigation showed that the chromium ferrite ferrofluids have an excellent property as a candidate for a temperature sensor application showing a good response on the temperature treatment. Interestingly, we found a hysteresis phenomenon in one cycle in transmission light originating by varying temperature. © Published under licence by IOP Publishing Ltd.",28,15,0.04168330505490303,0.041277315467596054,0.0004059895873069763,"Abstract-only zero-shot classification. Top-3 labels by score: 28 Computation - Stability and other (0.042), 15 Material - Manipulation, Droplets, other (0.041), 24 Modelling - ODE, Boundary value, Two-phase, Lifting force, Magneto-optical, Dipole, Strain Energy, Susceptibility etc. (0.040)"
3452,1997,The design of a ferrofluid magnetic pipette,"An electromagnetic pipette using a ferrofluid was designed to sample liquid volumes smaller than 0.2 μl. Submicroliter sample sizes are desirable for reducing the amount of costly reagents and reducing sample requirement for large-scale analysis. The pipette consists of four electromagnets arranged such that air-gaps are aligned to accommodate a tube. A light- hydrocarbon-based ferrofluid is contained in the tube and acts as a plunger. The position of the ferrofluid in the tube was controlled to within 0.2 mm by combining adjacent air-gap magnetic fields. The position of the ferrofluid as a function of time and magnetic pressure as a function of position was measured in one electromagnet air-gap from the device. Maximum pressure measured was 770 Pa which corresponds to a maximum velocity of 0.9 cm/s. The assembled pipette weighs approximately 25 g, and it measures 4 cm long, 1 cm wide, and 3 cm high.; An electromagnetic pipette using a ferrofluid was designed to sample liquid volumes smaller than 0.2 μl. Submicroliter sample sizes are desirable for reducing the amount of costly reagents and reducing sample requirement for large-scale analysis. The pipette consists of four electromagnets arranged such that air-gaps are aligned to accommodate a tube. A light-hydrocarbon-based ferrofluid is contained in the tube and acts as a plunger. The position of the ferrofluid in the tube was controlled to within 0.2 mm by combining adjacent air-gap magnetic fields. The position of the ferrofluid as a function of time and magnetic pressure as a function of position was measured in one electromagnet air-gap from the device. Maximum pressure measured was 770 Pa which corresponds to a maximum velocity of 0.9 cm/s. The assembled pipette weighs approximately 25 g, and it measures 4 cm long, 1 cm wide, and 3 cm high.",47,24,0.03483729809522629,0.03442833572626114,0.0004089623689651489,"Abstract-only zero-shot classification. Top-3 labels by score: 47 Application - Bearing, Seal, Lubricant (0.035), 24 Modelling - ODE, Boundary value, Two-phase, Lifting force, Magneto-optical, Dipole, Strain Energy, Susceptibility etc. (0.034), 11 Material - Chemistry (0.034)"
1817,2012,Drop impact on superhydrophobic surfaces-varying gravitational effects,"We performed in this experimental study impacts of aqueous ferrofluid drops on a superhydrophobic surface. The ferrofluids were used to simulate changes of the gravitational acceleration g by applying different magnetic fields. It has been shown that a rebound/no rebound boundary can be obtained when plotting the impact results as a function of Weber, Reynolds, and Bond numbers, which quantify, respectively, effects of inertia over capillary ones, inertia over viscous dissipation, and gravity over capillary effects. On a We versus Re/Bon graph an optimum value of n close to 4 has been obtained by support vector machine analysis. Conditions to get rebound or no rebound have been established as functions of the impact parameters and of the liquid characteristics, but also of the body forces intensities. © 2012 by Begell House, Inc.",24,49,0.042856745421886444,0.04244499281048775,0.0004117526113986969,"Abstract-only zero-shot classification. Top-3 labels by score: 24 Modelling - ODE, Boundary value, Two-phase, Lifting force, Magneto-optical, Dipole, Strain Energy, Susceptibility etc. (0.043), 49 Application - Digital Micro Fluids, Damping, Physics, Environmental, Engineering, Instruments to evaluate FF (0.042), 47 Application - Bearing, Seal, Lubricant (0.038)"
1886,2013,Photon irradiation and modification of chitosan-coated ferrofluid,"A promising approach in cancer therapy is the potential of magnetic nanoparticles combined with alternating current (AC) magnetic field to generate heat above 43 °C to terminate tumor progression. The purpose of this study is to explore the effects of the various irradiation approaches on physico-chemical properties of the chitosan-coated nanoparticles. Two photon beam sources (1) X-ray (energy = 150 keV) and (2) LINAC (medical linear accelerator, photon mode, energy = 6 MeV) with the same radiation dose (10 Gy) to irradiate the chitosan/ferrofluids were investigated. The final products were tested for their physico-chemical properties by XRD tests, SAR measurements and SEM scans. Low energy X-ray and low radiation dose irradiation can decrease the particle size of chitosan-coated magnetic nanoparticles without breaking the bonds between chitosan and Fe3O4 cores. © 2013 American Scientific Publishers.All rights reserved.",49,42,0.04382266476750374,0.04340699315071106,0.00041567161679267883,"Abstract-only zero-shot classification. Top-3 labels by score: 49 Application - Digital Micro Fluids, Damping, Physics, Environmental, Engineering, Instruments to evaluate FF (0.044), 42 Application - Biomedical (0.043), 51 Book / Book - chapter (0.040)"
